<object-stream>
  <com.fatwire.realtime.ResourceDataImpl>
    <id class="string">OpenMarket/Xcelerate/AssetType/ContentDef/AppendSelectDetails</id>
    <resourceType>ELEMENTCATALOG</resourceType>
    <deps class="empty-set"/>
    <data class="com.openmarket.xcelerate.common.ElementCatalogEntry" serialization="custom">
      <com.openmarket.xcelerate.common.ElementCatalogEntry>
        <int>1</int>
        <string>OpenMarket/Xcelerate/AssetType/ContentDef/AppendSelectDetails</string>
        <string>AppendSelectDetails</string>
        <string></string>
        <string></string>
        <string>OpenMarket/Xcelerate/AssetType/ContentDef/AppendSelectDetails.xml</string>
        <string></string>
        <string></string>
      </com.openmarket.xcelerate.common.ElementCatalogEntry>
    </data>
  </com.fatwire.realtime.ResourceDataImpl>
</object-stream>
<!--==================___ METADATA ___================
<dependencies>
  <list/>
</dependencies>
==================______________________==================
#
#Tue Oct 02 20:37:04 CEST 2012
storable0=/ELEMENTS/OpenMarket/Xcelerate/AssetType/ContentDef/AppendSelectDetails.xml|null|_storable_type\=%2FELEMENTS%2FOpenMarket%2FXcelerate%2FAssetType%2FContentDef%2FAppendSelectDetails.xml
key=@ELEMENTCATALOG-OpenMarket/Xcelerate/AssetType/ContentDef/AppendSelectDetails
type=ELEMENTCATALOG

==================___ END METADATA ___==================-->
