<?xml version="1.0" encoding="UTF-8" standalone="yes"?>
<ns2:assetBean xmlns:ns2="http://www.fatwire.com/schema/rest/1.0">
    <id>SiteEntry:1334880911787</id>
    <name>GSFInclude</name>
    <createdby>fwadmin</createdby>
    <createddate>2012-08-30T12:38:51.079Z</createddate>
    <description></description>
    <publist>avisports</publist>
    <status>ED</status>
    <subtype></subtype>
    <updatedby>fwadmin</updatedby>
    <updateddate>2012-08-30T12:41:35.374Z</updateddate>
    <attribute>
        <name>startdate</name>
        <data/>
    </attribute>
    <attribute>
        <name>enddate</name>
        <data/>
    </attribute>
    <attribute>
        <name>filename</name>
        <data>
            <stringValue></stringValue>
        </data>
    </attribute>
    <attribute>
        <name>path</name>
        <data>
            <stringValue></stringValue>
        </data>
    </attribute>
    <attribute>
        <name>template</name>
        <data>
            <stringValue>OpenMarket/SiteEntryTemplate</stringValue>
        </data>
    </attribute>
    <attribute>
        <name>urlexternaldoc</name>
        <data/>
    </attribute>
    <attribute>
        <name>externaldoctype</name>
        <data>
            <stringValue></stringValue>
        </data>
    </attribute>
    <attribute>
        <name>urlexternaldocxml</name>
        <data/>
    </attribute>
    <attribute>
        <name>fw_uid</name>
        <data>
            <stringValue>424b6656-9f4a-4a2a-a450-f7875afc555a</stringValue>
        </data>
    </attribute>
    <attribute>
        <name>id</name>
        <data>
            <longValue>1334880911787</longValue>
        </data>
    </attribute>
    <attribute>
        <name>fwtags</name>
        <data/>
    </attribute>
    <attribute>
        <name>category</name>
        <data>
            <stringValue></stringValue>
        </data>
    </attribute>
    <attribute>
        <name>pagename</name>
        <data>
            <stringValue>GSFInclude</stringValue>
        </data>
    </attribute>
    <attribute>
        <name>cs_wrapper</name>
        <data>
            <stringValue>n</stringValue>
        </data>
    </attribute>
    <attribute>
        <name>cselement_id</name>
        <data>
            <stringValue>CSElement:1334880911676</stringValue>
        </data>
    </attribute>
    <attribute>
        <name>acl</name>
        <data>
            <stringValue></stringValue>
        </data>
    </attribute>
    <attribute>
        <name>cscacheinfo</name>
        <data>
            <stringValue>true,~0</stringValue>
        </data>
    </attribute>
    <attribute>
        <name>csstatus</name>
        <data>
            <stringValue>live</stringValue>
        </data>
    </attribute>
    <attribute>
        <name>defaultarguments</name>
        <data>
            <structList>
                <item>
                    <name>name</name>
                    <data>
                        <stringValue>rendermode</stringValue>
                    </data>
                </item>
                <item>
                    <name>value</name>
                    <data>
                        <stringValue>live</stringValue>
                    </data>
                </item>
            </structList>
            <structList>
                <item>
                    <name>name</name>
                    <data>
                        <stringValue>seid</stringValue>
                    </data>
                </item>
                <item>
                    <name>value</name>
                    <data>
                        <stringValue>1334880911787</stringValue>
                    </data>
                </item>
            </structList>
            <structList>
                <item>
                    <name>name</name>
                    <data>
                        <stringValue>site</stringValue>
                    </data>
                </item>
                <item>
                    <name>value</name>
                    <data>
                        <stringValue>avisports</stringValue>
                    </data>
                </item>
            </structList>
        </data>
    </attribute>
    <attribute>
        <name>pagecriteria</name>
        <data>
            <stringList>rendermode</stringList>
            <stringList>seid</stringList>
            <stringList>site</stringList>
            <stringList>sitepfx</stringList>
            <stringList>ft_ss</stringList>
        </data>
    </attribute>
    <attribute>
        <name>rootelement</name>
        <data>
            <stringValue>GSFInclude</stringValue>
        </data>
    </attribute>
    <attribute>
        <name>sscacheinfo</name>
        <data>
            <stringValue>true,~0</stringValue>
        </data>
    </attribute>
    <attribute>
        <name>pageletonly</name>
        <data>
            <stringValue>false</stringValue>
        </data>
    </attribute>
    <associations>
        <href>myPathassociations</href>
    </associations>
</ns2:assetBean>

<!--==================___ METADATA ___================
<dependencies>
  <list>
    <dependency>
      <depType>E</depType>
      <resType>CSElement</resType>
      <resId>1334880911676</resId>
      <uid>10ce6cac-6921-4e39-8392-805a5a14a175</uid>
    </dependency>
    <dependency>
      <depType>N</depType>
      <resType>SiteEntry</resType>
      <resId>1334880911787</resId>
      <uid>424b6656-9f4a-4a2a-a450-f7875afc555a</uid>
    </dependency>
  </list>
</dependencies>
==================______________________==================
#
#Tue Oct 02 21:33:08 CEST 2012
key=SiteEntry-424b6656-9f4a-4a2a-a450-f7875afc555a
type=ASSETDATA
sites=avisports

==================___ END METADATA ___==================-->
