<?xml version="1.0" encoding="UTF-8" standalone="yes"?>
<ns2:assetBean xmlns:ns2="http://www.fatwire.com/schema/rest/1.0">
    <id>Template:1334880911662</id>
    <name>GSFIncludeTest</name>
    <createdby>fwadmin</createdby>
    <createddate>2012-08-30T10:44:14.529Z</createddate>
    <description></description>
    <publist>avisports</publist>
    <status>ED</status>
    <subtype></subtype>
    <updatedby>fwadmin</updatedby>
    <updateddate>2012-08-30T15:44:08.000Z</updateddate>
    <attribute>
        <name>startdate</name>
        <data/>
    </attribute>
    <attribute>
        <name>enddate</name>
        <data/>
    </attribute>
    <attribute>
        <name>filename</name>
        <data>
            <stringValue></stringValue>
        </data>
    </attribute>
    <attribute>
        <name>path</name>
        <data>
            <stringValue></stringValue>
        </data>
    </attribute>
    <attribute>
        <name>template</name>
        <data>
            <stringValue></stringValue>
        </data>
    </attribute>
    <attribute>
        <name>urlexternaldoc</name>
        <data/>
    </attribute>
    <attribute>
        <name>externaldoctype</name>
        <data>
            <stringValue></stringValue>
        </data>
    </attribute>
    <attribute>
        <name>urlexternaldocxml</name>
        <data/>
    </attribute>
    <attribute>
        <name>fw_uid</name>
        <data>
            <stringValue>54aefa43-bb70-4582-bc24-95900665ec6d</stringValue>
        </data>
    </attribute>
    <attribute>
        <name>id</name>
        <data>
            <longValue>1334880911662</longValue>
        </data>
    </attribute>
    <attribute>
        <name>fwtags</name>
        <data/>
    </attribute>
    <attribute>
        <name>category</name>
        <data>
            <stringValue></stringValue>
        </data>
    </attribute>
    <attribute>
        <name>keyword</name>
        <data>
            <stringValue></stringValue>
        </data>
    </attribute>
    <attribute>
        <name>source</name>
        <data>
            <stringValue></stringValue>
        </data>
    </attribute>
    <attribute>
        <name>rootelement</name>
        <data>
            <stringValue>/GSFIncludeTest</stringValue>
        </data>
    </attribute>
    <attribute>
        <name>ttype</name>
        <data>
            <stringValue>x</stringValue>
        </data>
    </attribute>
    <attribute>
        <name>Arguments</name>
        <data/>
    </attribute>
    <attribute>
        <name>Composition</name>
        <data/>
    </attribute>
    <attribute>
        <name>Called</name>
        <data/>
    </attribute>
    <attribute>
        <name>Thumbnail</name>
        <data/>
    </attribute>
    <attribute>
        <name>Mapping</name>
        <data/>
    </attribute>
    <attribute>
        <name>acl</name>
        <data>
            <stringList></stringList>
        </data>
    </attribute>
    <attribute>
        <name>pagecriteria</name>
        <data>
            <stringList>c</stringList>
            <stringList>cid</stringList>
            <stringList>context</stringList>
            <stringList>p</stringList>
            <stringList>rendermode</stringList>
            <stringList>site</stringList>
            <stringList>sitepfx</stringList>
            <stringList>ft_ss</stringList>
        </data>
    </attribute>
    <attribute>
        <name>element</name>
        <data>
            <structList>
                <item>
                    <name>resdetails2</name>
                    <data>
                        <stringValue></stringValue>
                    </data>
                </item>
                <item>
                    <name>cscacheinfo</name>
                    <data>
                        <stringValue>true,~0</stringValue>
                    </data>
                </item>
                <item>
                    <name>description</name>
                    <data>
                        <stringValue></stringValue>
                    </data>
                </item>
                <item>
                    <name>csstatus</name>
                    <data>
                        <stringValue>live</stringValue>
                    </data>
                </item>
                <item>
                    <name>sscacheinfo</name>
                    <data>
                        <stringValue>true,~0</stringValue>
                    </data>
                </item>
                <item>
                    <name>siteentry</name>
                    <data>
                        <structList>
                            <item>
                                <name>defaultarguments</name>
                                <data>
                                    <structList>
                                        <item>
                                            <name>name</name>
                                            <data>
                                                <stringValue>rendermode</stringValue>
                                            </data>
                                        </item>
                                        <item>
                                            <name>value</name>
                                            <data>
                                                <stringValue>live</stringValue>
                                            </data>
                                        </item>
                                    </structList>
                                    <structList>
                                        <item>
                                            <name>name</name>
                                            <data>
                                                <stringValue>site</stringValue>
                                            </data>
                                        </item>
                                        <item>
                                            <name>value</name>
                                            <data>
                                                <stringValue>avisports</stringValue>
                                            </data>
                                        </item>
                                    </structList>
                                </data>
                            </item>
                            <item>
                                <name>pagename</name>
                                <data>
                                    <stringValue>avisports/GSFIncludeTest</stringValue>
                                </data>
                            </item>
                        </structList>
                    </data>
                </item>
                <item>
                    <name>resdetails1</name>
                    <data>
                        <stringValue>tid=1334880911662</stringValue>
                    </data>
                </item>
                <item>
                    <name>elementname</name>
                    <data>
                        <stringValue>/GSFIncludeTest</stringValue>
                    </data>
                </item>
                <item>
                    <name>url</name>
                    <data>
                        <blobValue>
                            <filename>GSFIncludeTest,0.jsp</filename>
                            <foldername></foldername>
                            <filedata></filedata>
                        </blobValue>
                    </data>
                </item>
            </structList>
        </data>
    </attribute>
    <attribute>
        <name>applicablesubtypes</name>
        <data>
            <stringList>*</stringList>
        </data>
    </attribute>
    <associations>
        <href>myPathassociations</href>
    </associations>
</ns2:assetBean>

<!--==================___ METADATA ___================
<dependencies>
  <list>
    <dependency>
      <depType>N</depType>
      <resType>Template</resType>
      <resId>1334880911662</resId>
      <uid>54aefa43-bb70-4582-bc24-95900665ec6d</uid>
    </dependency>
  </list>
</dependencies>
==================______________________==================
#
#Tue Oct 02 21:33:08 CEST 2012
storable0=/ELEMENTS/JSP//GSFIncludeTest.jsp|UTF-8|_storable_type\=%2FELEMENTS%2FJSP%2F%2FGSFIncludeTest.jsp
key=Template-54aefa43-bb70-4582-bc24-95900665ec6d
type=ASSETDATA
sites=avisports

==================___ END METADATA ___==================-->
