<?xml version="1.0" encoding="UTF-8" standalone="yes"?>
<ns2:assetBean xmlns:ns2="http://www.fatwire.com/schema/rest/1.0">
    <id>Template:1327351720269</id>
    <name>Detail/Home</name>
    <createdby>fwadmin</createdby>
    <createddate>2012-04-19T18:16:42.822Z</createddate>
    <description></description>
    <publist>avisports</publist>
    <status>ED</status>
    <subtype>Page</subtype>
    <updatedby>fwadmin</updatedby>
    <updateddate>2012-10-02T14:13:44.000Z</updateddate>
    <attribute>
        <name>startdate</name>
        <data/>
    </attribute>
    <attribute>
        <name>enddate</name>
        <data/>
    </attribute>
    <attribute>
        <name>filename</name>
        <data>
            <stringValue></stringValue>
        </data>
    </attribute>
    <attribute>
        <name>path</name>
        <data>
            <stringValue></stringValue>
        </data>
    </attribute>
    <attribute>
        <name>template</name>
        <data>
            <stringValue></stringValue>
        </data>
    </attribute>
    <attribute>
        <name>urlexternaldoc</name>
        <data/>
    </attribute>
    <attribute>
        <name>externaldoctype</name>
        <data>
            <stringValue></stringValue>
        </data>
    </attribute>
    <attribute>
        <name>urlexternaldocxml</name>
        <data/>
    </attribute>
    <attribute>
        <name>fw_uid</name>
        <data>
            <stringValue>3f7cc696-e02e-4f57-bd31-efd8a0a7c000</stringValue>
        </data>
    </attribute>
    <attribute>
        <name>id</name>
        <data>
            <longValue>1327351720269</longValue>
        </data>
    </attribute>
    <attribute>
        <name>fwtags</name>
        <data/>
    </attribute>
    <attribute>
        <name>category</name>
        <data>
            <stringValue>banr</stringValue>
        </data>
    </attribute>
    <attribute>
        <name>keyword</name>
        <data>
            <stringValue></stringValue>
        </data>
    </attribute>
    <attribute>
        <name>source</name>
        <data>
            <stringValue></stringValue>
        </data>
    </attribute>
    <attribute>
        <name>rootelement</name>
        <data>
            <stringValue>Page/Detail/Home</stringValue>
        </data>
    </attribute>
    <attribute>
        <name>ttype</name>
        <data>
            <stringValue>b</stringValue>
        </data>
    </attribute>
    <attribute>
        <name>Arguments</name>
        <data/>
    </attribute>
    <attribute>
        <name>Composition</name>
        <data/>
    </attribute>
    <attribute>
        <name>Called</name>
        <data/>
    </attribute>
    <attribute>
        <name>Thumbnail</name>
        <data/>
    </attribute>
    <attribute>
        <name>Mapping</name>
        <data/>
    </attribute>
    <attribute>
        <name>acl</name>
        <data>
            <stringList></stringList>
        </data>
    </attribute>
    <attribute>
        <name>pagecriteria</name>
        <data>
            <stringList>c</stringList>
            <stringList>cid</stringList>
            <stringList>context</stringList>
            <stringList>p</stringList>
            <stringList>rendermode</stringList>
            <stringList>site</stringList>
            <stringList>sitepfx</stringList>
            <stringList>ft_ss</stringList>
        </data>
    </attribute>
    <attribute>
        <name>element</name>
        <data>
            <structList>
                <item>
                    <name>resdetails2</name>
                    <data>
                        <stringValue></stringValue>
                    </data>
                </item>
                <item>
                    <name>cscacheinfo</name>
                    <data>
                        <stringValue>true,~0</stringValue>
                    </data>
                </item>
                <item>
                    <name>description</name>
                    <data>
                        <stringValue></stringValue>
                    </data>
                </item>
                <item>
                    <name>csstatus</name>
                    <data>
                        <stringValue>live</stringValue>
                    </data>
                </item>
                <item>
                    <name>sscacheinfo</name>
                    <data>
                        <stringValue>true,~0</stringValue>
                    </data>
                </item>
                <item>
                    <name>siteentry</name>
                    <data>
                        <structList>
                            <item>
                                <name>defaultarguments</name>
                                <data>
                                    <structList>
                                        <item>
                                            <name>name</name>
                                            <data>
                                                <stringValue>c</stringValue>
                                            </data>
                                        </item>
                                        <item>
                                            <name>value</name>
                                            <data>
                                                <stringValue>Page</stringValue>
                                            </data>
                                        </item>
                                    </structList>
                                    <structList>
                                        <item>
                                            <name>name</name>
                                            <data>
                                                <stringValue>rendermode</stringValue>
                                            </data>
                                        </item>
                                        <item>
                                            <name>value</name>
                                            <data>
                                                <stringValue>live</stringValue>
                                            </data>
                                        </item>
                                    </structList>
                                    <structList>
                                        <item>
                                            <name>name</name>
                                            <data>
                                                <stringValue>site</stringValue>
                                            </data>
                                        </item>
                                        <item>
                                            <name>value</name>
                                            <data>
                                                <stringValue>avisports</stringValue>
                                            </data>
                                        </item>
                                    </structList>
                                </data>
                            </item>
                            <item>
                                <name>pagename</name>
                                <data>
                                    <stringValue>avisports/Page/Detail/Home</stringValue>
                                </data>
                            </item>
                        </structList>
                    </data>
                </item>
                <item>
                    <name>resdetails1</name>
                    <data>
                        <stringValue>tid=1327351720269</stringValue>
                    </data>
                </item>
                <item>
                    <name>elementname</name>
                    <data>
                        <stringValue>Page/Detail/Home</stringValue>
                    </data>
                </item>
                <item>
                    <name>url</name>
                    <data>
                        <blobValue>
                            <filename>Page/Detail/Home.jsp</filename>
                            <foldername></foldername>
                            <filedata></filedata>
                        </blobValue>
                    </data>
                </item>
            </structList>
        </data>
    </attribute>
    <attribute>
        <name>applicablesubtypes</name>
        <data>
            <stringList>AVIHome</stringList>
        </data>
    </attribute>
    <associations>
        <href>myPathassociations</href>
    </associations>
</ns2:assetBean>

<!--==================___ METADATA ___================
<dependencies>
  <list>
    <dependency>
      <depType>N</depType>
      <resType>Template</resType>
      <resId>1327351720269</resId>
      <uid>3f7cc696-e02e-4f57-bd31-efd8a0a7c000</uid>
    </dependency>
  </list>
</dependencies>
==================______________________==================
#
#Tue Oct 02 21:33:08 CEST 2012
storable0=/ELEMENTS/JSP/Page/Detail/Home.jsp|UTF-8|_storable_type\=%2FELEMENTS%2FJSP%2FPage%2FDetail%2FHome.jsp
key=Template-3f7cc696-e02e-4f57-bd31-efd8a0a7c000
type=ASSETDATA
sites=avisports

==================___ END METADATA ___==================-->
