<?xml version="1.0" ?>
<!--

    Copyright 2010 FatWire Corporation. All Rights Reserved.

    Licensed under the Apache License, Version 2.0 (the "License");
    you may not use this file except in compliance with the License.
    You may obtain a copy of the License at

       http://www.apache.org/licenses/LICENSE-2.0

    Unless required by applicable law or agreed to in writing, software
    distributed under the License is distributed on an "AS IS" BASIS,
    WITHOUT WARRANTIES OR CONDITIONS OF ANY KIND, either express or implied.
    See the License for the specific language governing permissions and
    limitations under the License.

-->
<FTCS Version="1.1">
<!-- GST/Foundation/InstallAttributes

INPUT

OUTPUT

-->
<!-- Record dependencies for the SiteEntry and the CSElement -->
<IF COND="IsVariable.seid=true"><THEN><RENDER.LOGDEP cid="Variables.seid" c="SiteEntry"/></THEN></IF>
<IF COND="IsVariable.eid=true"><THEN><RENDER.LOGDEP cid="Variables.eid" c="CSElement"/></THEN></IF>
<SETVAR NAME="isNew" VALUE="true"/>
<REMOVEVAR NAME="newid"/>
<REMOVEVAR NAME="Inid"/>
<REMOVEVAR NAME="id"/>



<asset.create NAME="attr" TYPE="GSTAttribute"/>
<SETVAR NAME="asset:name" VALUE="env_name"/>
<SETVAR NAME="asset:description" VALUE="Environment Name"/>
<SETVAR NAME="asset:type" VALUE="string"/>
<SETVAR NAME="asset:valuestyle" VALUE="S"/> 
<SETVAR NAME="asset:embedtype" VALUE="U"/>
<SETVAR NAME="asset:assettypename" VALUE="Variables.empty"/>
<SETVAR NAME="asset:deptype" VALUE="E"/>
<SETVAR NAME="asset:editing" VALUE="L"/>
<SETVAR NAME="asset:storage" VALUE="L"/>
<asset.gather NAME="attr" PREFIX="asset"/>
<asset.save NAME="attr"/>

<asset.create NAME="attr" TYPE="GSTAttribute"/>
<SETVAR NAME="asset:name" VALUE="env_vwebroot"/>
<SETVAR NAME="asset:description" VALUE="Virtual Webroot"/>
<asset.gather NAME="attr" PREFIX="asset"/>
<asset.save NAME="attr"/>

<asset.create NAME="attr" TYPE="GSTAttribute"/>
<SETVAR NAME="asset:name" VALUE="master_vwebroot"/>
<SETVAR NAME="asset:description" VALUE="Master Webroot"/>
<asset.gather NAME="attr" PREFIX="asset"/>
<asset.save NAME="attr"/>

<asset.create NAME="attr" TYPE="GSTAttribute"/>
<SETVAR NAME="asset:name" VALUE="popup"/>
<SETVAR NAME="asset:description" VALUE="Popup"/>
<SETVAR NAME="asset:type" VALUE="int"/>
<asset.gather NAME="attr" PREFIX="asset"/>
<asset.save NAME="attr"/>

<asset.create NAME="attr" TYPE="GSTAttribute"/>
<SETVAR NAME="asset:name" VALUE="target_url"/>
<SETVAR NAME="asset:description" VALUE="Target URL"/>
<SETVAR NAME="asset:type" VALUE="string"/>
<asset.gather NAME="attr" PREFIX="asset"/>
<asset.save NAME="attr"/>

<asset.create NAME="attr" TYPE="GSTAttribute"/>
<SETVAR NAME="asset:name" VALUE="value"/>
<SETVAR NAME="asset:description" VALUE="Value"/>
<SETVAR NAME="asset:type" VALUE="string"/>
<asset.gather NAME="attr" PREFIX="asset"/>
<asset.save NAME="attr"/>


</FTCS>