<?xml version="1.0" encoding="UTF-8" standalone="yes"?>
<ns2:assetBean xmlns:ns2="http://www.fatwire.com/schema/rest/1.0">
    <id>CSElement:1327351720212</id>
    <name>avisports/Page/HomeTeasers</name>
    <createdby>fwadmin</createdby>
    <createddate>2012-04-19T18:16:27.662Z</createddate>
    <description></description>
    <publist>avisports</publist>
    <status>ED</status>
    <subtype></subtype>
    <updatedby>fwadmin</updatedby>
    <updateddate>2012-10-02T14:42:27.000Z</updateddate>
    <attribute>
        <name>startdate</name>
        <data/>
    </attribute>
    <attribute>
        <name>enddate</name>
        <data/>
    </attribute>
    <attribute>
        <name>filename</name>
        <data>
            <stringValue></stringValue>
        </data>
    </attribute>
    <attribute>
        <name>path</name>
        <data>
            <stringValue></stringValue>
        </data>
    </attribute>
    <attribute>
        <name>template</name>
        <data>
            <stringValue></stringValue>
        </data>
    </attribute>
    <attribute>
        <name>urlexternaldoc</name>
        <data/>
    </attribute>
    <attribute>
        <name>externaldoctype</name>
        <data>
            <stringValue></stringValue>
        </data>
    </attribute>
    <attribute>
        <name>urlexternaldocxml</name>
        <data/>
    </attribute>
    <attribute>
        <name>fw_uid</name>
        <data>
            <stringValue>cd0c670b-b9d9-468e-ab16-95bfc48c4baf</stringValue>
        </data>
    </attribute>
    <attribute>
        <name>id</name>
        <data>
            <longValue>1327351720212</longValue>
        </data>
    </attribute>
    <attribute>
        <name>fwtags</name>
        <data/>
    </attribute>
    <attribute>
        <name>Composition</name>
        <data/>
    </attribute>
    <attribute>
        <name>Mapping</name>
        <data/>
    </attribute>
    <attribute>
        <name>Arguments</name>
        <data/>
    </attribute>
    <attribute>
        <name>category</name>
        <data>
            <stringValue></stringValue>
        </data>
    </attribute>
    <attribute>
        <name>rootelement</name>
        <data>
            <stringValue>avisports/Page/HomeTeasers</stringValue>
        </data>
    </attribute>
    <attribute>
        <name>elementname</name>
        <data>
            <stringValue>avisports/Page/HomeTeasers</stringValue>
        </data>
    </attribute>
    <attribute>
        <name>resdetails1</name>
        <data>
            <stringValue>eid=1327351720212</stringValue>
        </data>
    </attribute>
    <attribute>
        <name>resdetails2</name>
        <data>
            <stringValue></stringValue>
        </data>
    </attribute>
    <attribute>
        <name>url</name>
        <data>
            <blobValue>
                <filename>avisports/Page/HomeTeasers,0.jsp</filename>
                <foldername></foldername>
                <filedata></filedata>
            </blobValue>
        </data>
    </attribute>
    <associations>
        <href>myPathassociations</href>
    </associations>
</ns2:assetBean>

<!--==================___ METADATA ___================
<dependencies>
  <list>
    <dependency>
      <depType>N</depType>
      <resType>CSElement</resType>
      <resId>1327351720212</resId>
      <uid>cd0c670b-b9d9-468e-ab16-95bfc48c4baf</uid>
    </dependency>
  </list>
</dependencies>
==================______________________==================
#
#Tue Oct 02 21:33:08 CEST 2012
storable0=/ELEMENTS/JSP/avisports/Page/HomeTeasers.jsp|UTF-8|_storable_type\=%2FELEMENTS%2FJSP%2Favisports%2FPage%2FHomeTeasers.jsp
key=CSElement-cd0c670b-b9d9-468e-ab16-95bfc48c4baf
type=ASSETDATA
sites=avisports

==================___ END METADATA ___==================-->
