<?xml version="1.0" ?>
<!--

    Copyright 2010 FatWire Corporation. All Rights Reserved.

    Licensed under the Apache License, Version 2.0 (the "License");
    you may not use this file except in compliance with the License.
    You may obtain a copy of the License at

       http://www.apache.org/licenses/LICENSE-2.0

    Unless required by applicable law or agreed to in writing, software
    distributed under the License is distributed on an "AS IS" BASIS,
    WITHOUT WARRANTIES OR CONDITIONS OF ANY KIND, either express or implied.
    See the License for the specific language governing permissions and
    limitations under the License.

-->
<FTCS Version="1.1">
<!-- GST/Foundation/InstallDefinitions

INPUT

OUTPUT

-->

<SETVAR NAME="attributetype" VALUE="GSTAttribute"/>
<SETVAR NAME="TemplateType" VALUE="asset"/>
<SETVAR NAME="templatetype" VALUE="GSTPDefinition"/>
<SETVAR NAME="filtertype" VALUE="GSTFilter"/>
<SETVAR NAME="AssetType" VALUE="GSTDefinition"/>
<SETVAR NAME="assetname" VALUE="theCurrentAsset"/>
<SETVAR NAME="prefix" VALUE="GSTDefinition"/>

<!-- ################## GST VIRTUAL WEBROOT ################### -->
<asset.create NAME="theCurrentAsset" TYPE="Variables.AssetType"/>

<SETVAR NAME="FlexTmpls:name" VALUE="GSTVirtualWebroot"/>
<SETVAR NAME="FlexTmpls:description" VALUE="GST Virtual Webroot"/>
<SETVAR NAME="FlexTmpls:renderid" VALUE="Variables.empty"/>

<!-- get renderid from template name
	<ASSET.LIST TYPE="Template" LIST="MyTemplate" FIELD1="rootelement" VALUE1="Variables.FlexTmpls:template"/>
	<setvar NAME="FlexTmpls:renderid"  VALUE="MyTemplate.id"/>
-->

 <!-- if flex def -->
<fttm.getattributetype  ASSETTYPE="Variables.AssetType"  VARNAME="attributetype"/>
<fttm.gettemplatetype  ASSETTYPE="Variables.AssetType"  VARNAME="templatetype"/>
<SETVAR NAME="errno" VALUE="0"/>
<SETVAR NAME="tablename" VALUE="FlexTmplTypes"/>
<EXECSQL SQL="SELECT assetfilter FROM Variables.tablename WHERE assettype='Variables.AssetType'" LIST="flextmpltypes"/>
<SETVAR NAME="filtertype" VALUE="flextmpltypes.assetfilter"/>

<!-- if flex parent def
<fgttm.getattributetype  ASSETTYPE="Variables.AssetType"  VARNAME="attributetype"/>
<SETVAR NAME="errno" VALUE="0"/>
<SETVAR NAME="tablename" VALUE="FlexGrpTmplTypes"/>
<EXECSQL SQL="SELECT assetfilter FROM Variables.tablename WHERE assettype='Variables.AssetType'" LIST="flextmpltypes"/>
<SETVAR NAME="filtertype" VALUE="flextmpltypes.assetfilter"/>
-->

<!-- attributes -->
<LISTOBJECT.CREATE NAME="myList" COLUMNS="assetid,required,ordinal"/>

<ASSET.LIST TYPE="Variables.attributetype" LIST="MyAttr" FIELD1="name" VALUE1="env_name"/>
<LISTOBJECT.ADDROW NAME="myList" assetid="MyAttr.id" required="true" ordinal="1"/>

<ASSET.LIST TYPE="Variables.attributetype" LIST="MyAttr" FIELD1="name" VALUE1="env_vwebroot"/>
<LISTOBJECT.ADDROW NAME="myList" assetid="MyAttr.id" required="false" ordinal="2"/>

<ASSET.LIST TYPE="Variables.attributetype" LIST="MyAttr" FIELD1="name" VALUE1="master_vwebroot"/>
<LISTOBJECT.ADDROW NAME="myList" assetid="MyAttr.id" required="false" ordinal="3"/>

<LISTOBJECT.TOLIST NAME="myList" LISTVARNAME="FlexTmpls:Attributes"/>

<!-- add filters , count seems to start at zero
<SETVAR NAME="FlexTmpls:Filters:0:filter" VALUE="filterlist.ITEM"/>
<SETVAR NAME="FlexTmpls:Filters:1:filter" VALUE="filterlist.ITEM"/>
<SETVAR NAME="ordinalVar" VALUE="FlexTmpls:Filters:Counters.ordinalCount:ordinal"/>
-->

<SETVAR NAME="FlexTmpls:Filters:Total" VALUE="0"/>

<!-- adding parent defs -->
<LISTOBJECT.CREATE NAME="myList" COLUMNS="assetid,required,multiple"/>
<!--
<LISTOBJECT.ADDROW NAME="myList" assetid="Variables.myid" required="false" multiple="false"/>
-->
<LISTOBJECT.TOLIST NAME="myList" LISTVARNAME="FlexTmpls:Groups"/>

<!-- if flex parent def -->
<ASSET.GATHER NAME="theCurrentAsset" PREFIX="FlexTmpls" FIELDLIST="name,description,template,renderid,Attributes,Groups,Filters"/>
<flextemplate.setrendertemplate  NAME="theCurrentAsset"  ID="Variables.FlexTmpls:renderid"/>

<!-- if flex parent def
<ASSET.GATHER NAME="theCurrentAsset" PREFIX="FlexTmpls" FIELDLIST="name,description,style,Attributes,Groups,Filters,startdate,enddate"/>
-->

<asset.save NAME="theCurrentAsset"/>





<!-- ################## GST ALIAS ################### -->
<asset.create NAME="theCurrentAsset" TYPE="Variables.AssetType"/>

<SETVAR NAME="FlexTmpls:name" VALUE="GSTAlias"/>
<SETVAR NAME="FlexTmpls:description" VALUE="GST Alias"/>
<SETVAR NAME="FlexTmpls:renderid" VALUE="Variables.empty"/>

<!-- get renderid from template name
	<ASSET.LIST TYPE="Template" LIST="MyTemplate" FIELD1="rootelement" VALUE1="Variables.FlexTmpls:template"/>
	<setvar NAME="FlexTmpls:renderid"  VALUE="MyTemplate.id"/>
-->

 <!-- if flex def -->
<fttm.getattributetype  ASSETTYPE="Variables.AssetType"  VARNAME="attributetype"/>
<fttm.gettemplatetype  ASSETTYPE="Variables.AssetType"  VARNAME="templatetype"/>
<SETVAR NAME="errno" VALUE="0"/>
<SETVAR NAME="tablename" VALUE="FlexTmplTypes"/>
<EXECSQL SQL="SELECT assetfilter FROM Variables.tablename WHERE assettype='Variables.AssetType'" LIST="flextmpltypes"/>
<SETVAR NAME="filtertype" VALUE="flextmpltypes.assetfilter"/>

<!-- if flex parent def
<fgttm.getattributetype  ASSETTYPE="Variables.AssetType"  VARNAME="attributetype"/>
<SETVAR NAME="errno" VALUE="0"/>
<SETVAR NAME="tablename" VALUE="FlexGrpTmplTypes"/>
<EXECSQL SQL="SELECT assetfilter FROM Variables.tablename WHERE assettype='Variables.AssetType'" LIST="flextmpltypes"/>
<SETVAR NAME="filtertype" VALUE="flextmpltypes.assetfilter"/>
-->

<!-- attributes -->
<LISTOBJECT.CREATE NAME="myList" COLUMNS="assetid,required,ordinal"/>

<ASSET.LIST TYPE="Variables.attributetype" LIST="MyAttr" FIELD1="name" VALUE1="h1title"/>
<LISTOBJECT.ADDROW NAME="myList" assetid="MyAttr.id" required="true" ordinal="1"/>

<ASSET.LIST TYPE="Variables.attributetype" LIST="MyAttr" FIELD1="name" VALUE1="metadescription"/>
<LISTOBJECT.ADDROW NAME="myList" assetid="MyAttr.id" required="true" ordinal="2"/>

<ASSET.LIST TYPE="Variables.attributetype" LIST="MyAttr" FIELD1="name" VALUE1="metakeyword"/>
<LISTOBJECT.ADDROW NAME="myList" assetid="MyAttr.id" required="true" ordinal="3"/>

<ASSET.LIST TYPE="Variables.attributetype" LIST="MyAttr" FIELD1="name" VALUE1="metatitle"/>
<LISTOBJECT.ADDROW NAME="myList" assetid="MyAttr.id" required="true" ordinal="4"/>

<ASSET.LIST TYPE="Variables.attributetype" LIST="MyAttr" FIELD1="name" VALUE1="target_url"/>
<LISTOBJECT.ADDROW NAME="myList" assetid="MyAttr.id" required="false" ordinal="5"/>

<ASSET.LIST TYPE="Variables.attributetype" LIST="MyAttr" FIELD1="name" VALUE1="linktext"/>
<LISTOBJECT.ADDROW NAME="myList" assetid="MyAttr.id" required="false" ordinal="6"/>

<ASSET.LIST TYPE="Variables.attributetype" LIST="MyAttr" FIELD1="name" VALUE1="linkimage"/>
<LISTOBJECT.ADDROW NAME="myList" assetid="MyAttr.id" required="false" ordinal="7"/>

<ASSET.LIST TYPE="Variables.attributetype" LIST="MyAttr" FIELD1="name" VALUE1="popup"/>
<LISTOBJECT.ADDROW NAME="myList" assetid="MyAttr.id" required="true" ordinal="8"/>

<LISTOBJECT.TOLIST NAME="myList" LISTVARNAME="FlexTmpls:Attributes"/>

<!-- add filters , count seems to start at zero
<SETVAR NAME="FlexTmpls:Filters:0:filter" VALUE="filterlist.ITEM"/>
<SETVAR NAME="FlexTmpls:Filters:1:filter" VALUE="filterlist.ITEM"/>

<SETVAR NAME="ordinalVar" VALUE="FlexTmpls:Filters:Counters.ordinalCount:ordinal"/>
-->

<SETVAR NAME="FlexTmpls:Filters:Total" VALUE="0"/>

<!-- adding parent defs -->
<LISTOBJECT.CREATE NAME="myList" COLUMNS="assetid,required,multiple"/>
<!--
<LISTOBJECT.ADDROW NAME="myList" assetid="Variables.myid" required="false" multiple="false"/>
-->
<LISTOBJECT.TOLIST NAME="myList" LISTVARNAME="FlexTmpls:Groups"/>

<!-- if flex parent def -->
<ASSET.GATHER NAME="theCurrentAsset" PREFIX="FlexTmpls" FIELDLIST="name,description,template,renderid,Attributes,Groups,Filters"/>
<flextemplate.setrendertemplate  NAME="theCurrentAsset"  ID="Variables.FlexTmpls:renderid"/>

<!-- if flex parent def
<ASSET.GATHER NAME="theCurrentAsset" PREFIX="FlexTmpls" FIELDLIST="name,description,style,Attributes,Groups,Filters,startdate,enddate"/>
-->

<asset.save NAME="theCurrentAsset"/>





<!-- ################## GST PROPERTY ################### -->
<asset.create NAME="theCurrentAsset" TYPE="Variables.AssetType"/>

<SETVAR NAME="FlexTmpls:name" VALUE="GSTProperty"/>
<SETVAR NAME="FlexTmpls:description" VALUE="GST Property"/>
<SETVAR NAME="FlexTmpls:renderid" VALUE="Variables.empty"/>

<!-- get renderid from template name
	<ASSET.LIST TYPE="Template" LIST="MyTemplate" FIELD1="rootelement" VALUE1="Variables.FlexTmpls:template"/>
	<setvar NAME="FlexTmpls:renderid"  VALUE="MyTemplate.id"/>
-->

 <!-- if flex def -->
<fttm.getattributetype  ASSETTYPE="Variables.AssetType"  VARNAME="attributetype"/>
<fttm.gettemplatetype  ASSETTYPE="Variables.AssetType"  VARNAME="templatetype"/>
<SETVAR NAME="errno" VALUE="0"/>
<SETVAR NAME="tablename" VALUE="FlexTmplTypes"/>
<EXECSQL SQL="SELECT assetfilter FROM Variables.tablename WHERE assettype='Variables.AssetType'" LIST="flextmpltypes"/>
<SETVAR NAME="filtertype" VALUE="flextmpltypes.assetfilter"/>

<!-- if flex parent def
<fgttm.getattributetype  ASSETTYPE="Variables.AssetType"  VARNAME="attributetype"/>
<SETVAR NAME="errno" VALUE="0"/>
<SETVAR NAME="tablename" VALUE="FlexGrpTmplTypes"/>
<EXECSQL SQL="SELECT assetfilter FROM Variables.tablename WHERE assettype='Variables.AssetType'" LIST="flextmpltypes"/>
<SETVAR NAME="filtertype" VALUE="flextmpltypes.assetfilter"/>
-->

<!-- attributes -->
<LISTOBJECT.CREATE NAME="myList" COLUMNS="assetid,required,ordinal"/>

<ASSET.LIST TYPE="Variables.attributetype" LIST="MyAttr" FIELD1="name" VALUE1="value"/>
<LISTOBJECT.ADDROW NAME="myList" assetid="MyAttr.id" required="true" ordinal="1"/>

<LISTOBJECT.TOLIST NAME="myList" LISTVARNAME="FlexTmpls:Attributes"/>

<!-- add filters , count seems to start at zero
<SETVAR NAME="FlexTmpls:Filters:0:filter" VALUE="filterlist.ITEM"/>
<SETVAR NAME="FlexTmpls:Filters:1:filter" VALUE="filterlist.ITEM"/>

<SETVAR NAME="ordinalVar" VALUE="FlexTmpls:Filters:Counters.ordinalCount:ordinal"/>
-->

<SETVAR NAME="FlexTmpls:Filters:Total" VALUE="0"/>

<!-- adding parent defs -->
<LISTOBJECT.CREATE NAME="myList" COLUMNS="assetid,required,multiple"/>
<!--
<LISTOBJECT.ADDROW NAME="myList" assetid="Variables.myid" required="false" multiple="false"/>
-->
<LISTOBJECT.TOLIST NAME="myList" LISTVARNAME="FlexTmpls:Groups"/>

<!-- if flex parent def -->
<ASSET.GATHER NAME="theCurrentAsset" PREFIX="FlexTmpls" FIELDLIST="name,description,template,renderid,Attributes,Groups,Filters"/>
<flextemplate.setrendertemplate  NAME="theCurrentAsset"  ID="Variables.FlexTmpls:renderid"/>

<!-- if flex parent def
<ASSET.GATHER NAME="theCurrentAsset" PREFIX="FlexTmpls" FIELDLIST="name,description,style,Attributes,Groups,Filters,startdate,enddate"/>
-->

<asset.save NAME="theCurrentAsset"/>





<!-- ################## adding named association ################### -->
<ASSOCNAMEDMANAGER.FIND   PREFIX="AssetRelations:" TYPE="GSTAlias" NAME="target"/>
<IF COND="Variables.AssetRelations:Total=0">
    <THEN>
        <SETVAR NAME="Association:name" VALUE="target"/>
        <SETVAR NAME="Association:description" VALUE="target"/>
        <SETVAR NAME="Association:assettype" VALUE="GSTAlias"/>
        <SETVAR NAME="Association:childassettype" VALUE="GSTAlias"/> <!-- * for all -->
        <SETVAR NAME="Association:deptype" VALUE="E"/>
        <SETVAR NAME="Association:multivalued" VALUE="F"/>
        <SETVAR NAME="Association:subtypes" VALUE="*"/>

        <ASSOCNAMEDMANAGER.CREATE OBJVARNAME="association"/>
        <ASSOCNAMED.GATHER NAME="association" PREFIX="Association:"/>
        <ASSOCNAMEDMANAGER.SAVE OBJECT="association"/>
    </THEN>
</IF>

<!-- adding subtypes to the Page asset -->

<SETVAR NAME="doNavName" VALUE="true" />
<SETVAR NAME="doNavLink" VALUE="true" />
<SUBTYPES.GETSUBTYPES LISTVARNAME="psubtypes" ASSETTYPE="Page" DISTINCT="true"/>
<IF COND="IsList.psubtypes=true">
<THEN>
    <LOOP LIST="psubtypes">
        <IF COND="psubtypes.subtype=GSTNavName">
        <THEN>
            <SETVAR NAME="doNavName" VALUE="false" />
        </THEN>
        </IF>
        <IF COND="psubtypes.subtype=GSTNavLink">
        <THEN>
            <SETVAR NAME="doNavLink" VALUE="false" />
        </THEN>
        </IF>
    </LOOP>
</THEN>
</IF>
<IF COND="Variables.doNavName=true">
<THEN>
    <SUBTYPES.ADD ASSETTYPE="Page" PUBID="Variables.pubid" SUBTYPE="GSTNavName"/>
</THEN>
</IF>
<IF COND="Variables.doNavLink=true">
<THEN>
    <SUBTYPES.ADD ASSETTYPE="Page" PUBID="Variables.pubid" SUBTYPE="GSTNavLink"/>
</THEN>
</IF>

</FTCS>