<?xml version="1.0" ?>
<!--

    Copyright 2010 FatWire Corporation. All Rights Reserved.

    Licensed under the Apache License, Version 2.0 (the "License");
    you may not use this file except in compliance with the License.
    You may obtain a copy of the License at

       http://www.apache.org/licenses/LICENSE-2.0

    Unless required by applicable law or agreed to in writing, software
    distributed under the License is distributed on an "AS IS" BASIS,
    WITHOUT WARRANTIES OR CONDITIONS OF ANY KIND, either express or implied.
    See the License for the specific language governing permissions and
    limitations under the License.

-->
<FTCS Version="1.1">
<!-- GST/Foundation/InstallTreeTabs

INPUT

OUTPUT

-->

<STRINGLIST NAME="GSTSiteTabs" STR="Active List,Admin,Bookmarks,Site Plan" DELIM=","/>
<LOOP LIST="GSTSiteTabs">
    <LOGMSG NAME="com.fatwire.gst.foundation.taglib.install" STR="Checking tab GSTSiteTabs.ITEM for GST site." />
    <TTM.LOAD OBJVARNAME="tab" NAME="GSTSiteTabs.ITEM" />
    <!--<TTM.LOAD OBJVARNAME="tab" ID="1333700208073" />-->
    <!--<TREETAB.SCATTER NAME="tab" PREFIX="ViewTab:" />-->

    <!-- check if tab loaded before proceeding -->
    <SETVAR NAME="tabid" VALUE="Variables.empty"/>
    <IF COND="IsError.Variables.errno=false">
    <THEN>
        <!-- We could probably also check for errno -12050 here instead of doing TREETAB.GETID, but both will work. -->
        <TREETAB.GETID NAME="tab" VARNAME="tabid"/>
        <IF COND="Variables.tabid!=Variables.empty">
        <THEN>
            <TREETAB.GETSITES NAME="tab" OBJVARNAME="tsites"/>
            <SITELIST.HASSITE NAME="tsites" PUBID="SessionVariables.pubid" VARNAME="hasSite"/>
            <IF COND="Variables.hasSite=true">
            <THEN>
                <LOGMSG NAME="com.fatwire.gst.foundation.taglib.install" STR="GSTSiteTabs.ITEM Tab SiteList has GST site." />
            </THEN>
            <ELSE>
                <LOGMSG NAME="com.fatwire.gst.foundation.taglib.install" STR="Adding GST site to GSTSiteTabs.ITEM Tab SiteList." />
                <SITELIST.ADD NAME="tsites" PUBID="SessionVariables.pubid"/>
                <TREETAB.SETSITES NAME="tab" OBJECT="tsites"/>
            </ELSE>
            </IF>

            <TREETAB.GETSECTIONS NAME="tab" OBJVARNAME="tsections"/>
            <SECTIONLIST.GETALL NAME="tsections" PREFIX="all:"/>
            <IF COND="Variables.all:Total!=0">
            <THEN>
                <LOGMSG NAME="com.fatwire.gst.foundation.taglib.install" STR="Checking GSTSiteTabs.ITEM Tab SiteLists for GST site." />
                <SETCOUNTER NAME="sectionNum" VALUE="0"/>
                <LOOP COUNT="Variables.all:Total">
                    <SECTION.GETSITES NAME="all:Counters.sectionNum" OBJVARNAME="sectsites"/>
                    <SITELIST.HASSITE NAME="sectsites" PUBID="SessionVariables.pubid" VARNAME="hasSite"/>
                    <IF COND="Variables.hasSite=true">
                    <THEN>
                        <LOGMSG NAME="com.fatwire.gst.foundation.taglib.install" STR="GSTSiteTabs.ITEM Section Counters.sectionNum SiteList has GST site." />
                    </THEN>
                    <ELSE>
                        <LOGMSG NAME="com.fatwire.gst.foundation.taglib.install" STR="Adding GST site to GSTSiteTabs.ITEM Section Counters.sectionNum SiteList." />
                        <SITELIST.ADD NAME="sectsites" PUBID="SessionVariables.pubid" />
                        <SECTION.SETSITES NAME="all:Counters.sectionNum" OBJECT="sectsites"/>
                        <SECTIONLIST.SET NAME="tsections" OBJECT="all:Counters.sectionNum"/>
                    </ELSE>
                    </IF>
                    <INCCOUNTER NAME="sectionNum" VALUE="1"/>
                </LOOP>
                <TREETAB.SETSECTIONS NAME="tab" OBJECT="tsections"/>
            </THEN>
            </IF>

            <LOGMSG NAME="com.fatwire.gst.foundation.taglib.install" STR="Saving GSTSiteTabs.ITEM tab." />
            <TTM.SAVE OBJECT="tab"/>
            <IF COND="IsError.Variables.errno=true">
                <THEN>
                    <LOGMSG NAME="com.fatwire.gst.foundation.taglib.install" STR="Error saving tab GSTSiteTabs.ITEM: Variables.result." />
                </THEN>
            </IF>
        </THEN>
        <ELSE>
            <LOGMSG NAME="com.fatwire.gst.foundation.taglib.install" STR="GSTSiteTabs.ITEM Tab not found or unable to load. Skipping tab." />
        </ELSE>
        </IF>
    </THEN>
    <ELSE><LOGMSG NAME="com.fatwire.gst.foundation.taglib.install" STR="GSTSiteTabs.ITEM Tab not found or unable to load. Skipping tab.." /></ELSE>
    </IF>
</LOOP>

</FTCS>