<?xml version="1.0" encoding="UTF-8" standalone="yes"?>
<ns2:assetBean xmlns:ns2="http://www.fatwire.com/schema/rest/1.0">
    <id>SiteEntry:1334880910829</id>
    <name>Wrapper</name>
    <createdby>fwadmin</createdby>
    <createddate>2012-06-29T12:20:33.880Z</createddate>
    <description></description>
    <publist>avisports</publist>
    <status>ED</status>
    <subtype></subtype>
    <updatedby>fwadmin</updatedby>
    <updateddate>2012-09-27T10:49:18.888Z</updateddate>
    <attribute>
        <name>startdate</name>
        <data/>
    </attribute>
    <attribute>
        <name>enddate</name>
        <data/>
    </attribute>
    <attribute>
        <name>filename</name>
        <data>
            <stringValue></stringValue>
        </data>
    </attribute>
    <attribute>
        <name>path</name>
        <data>
            <stringValue></stringValue>
        </data>
    </attribute>
    <attribute>
        <name>template</name>
        <data>
            <stringValue>OpenMarket/SiteEntryTemplate</stringValue>
        </data>
    </attribute>
    <attribute>
        <name>urlexternaldoc</name>
        <data/>
    </attribute>
    <attribute>
        <name>externaldoctype</name>
        <data>
            <stringValue></stringValue>
        </data>
    </attribute>
    <attribute>
        <name>urlexternaldocxml</name>
        <data/>
    </attribute>
    <attribute>
        <name>fw_uid</name>
        <data>
            <stringValue>2bd25834-efcc-48b6-a1e6-ef7d9b301ebe</stringValue>
        </data>
    </attribute>
    <attribute>
        <name>id</name>
        <data>
            <longValue>1334880910829</longValue>
        </data>
    </attribute>
    <attribute>
        <name>fwtags</name>
        <data/>
    </attribute>
    <attribute>
        <name>category</name>
        <data>
            <stringValue></stringValue>
        </data>
    </attribute>
    <attribute>
        <name>pagename</name>
        <data>
            <stringValue>Wrapper</stringValue>
        </data>
    </attribute>
    <attribute>
        <name>cs_wrapper</name>
        <data>
            <stringValue>y</stringValue>
        </data>
    </attribute>
    <attribute>
        <name>cselement_id</name>
        <data>
            <stringValue>CSElement:1334880910821</stringValue>
        </data>
    </attribute>
    <attribute>
        <name>acl</name>
        <data>
            <stringValue>Browser</stringValue>
        </data>
    </attribute>
    <attribute>
        <name>cscacheinfo</name>
        <data>
            <stringValue>false</stringValue>
        </data>
    </attribute>
    <attribute>
        <name>csstatus</name>
        <data>
            <stringValue>live</stringValue>
        </data>
    </attribute>
    <attribute>
        <name>defaultarguments</name>
        <data>
            <structList>
                <item>
                    <name>name</name>
                    <data>
                        <stringValue>action</stringValue>
                    </data>
                </item>
                <item>
                    <name>value</name>
                    <data>
                        <stringValue>root</stringValue>
                    </data>
                </item>
            </structList>
            <structList>
                <item>
                    <name>name</name>
                    <data>
                        <stringValue>rendermode</stringValue>
                    </data>
                </item>
                <item>
                    <name>value</name>
                    <data>
                        <stringValue>live</stringValue>
                    </data>
                </item>
            </structList>
            <structList>
                <item>
                    <name>name</name>
                    <data>
                        <stringValue>seid</stringValue>
                    </data>
                </item>
                <item>
                    <name>value</name>
                    <data>
                        <stringValue>1334880910829</stringValue>
                    </data>
                </item>
            </structList>
            <structList>
                <item>
                    <name>name</name>
                    <data>
                        <stringValue>site</stringValue>
                    </data>
                </item>
                <item>
                    <name>value</name>
                    <data>
                        <stringValue>avisports</stringValue>
                    </data>
                </item>
            </structList>
        </data>
    </attribute>
    <attribute>
        <name>pagecriteria</name>
        <data>
            <stringList>rendermode</stringList>
            <stringList>seid</stringList>
            <stringList>site</stringList>
            <stringList>sitepfx</stringList>
            <stringList>ft_ss</stringList>
        </data>
    </attribute>
    <attribute>
        <name>rootelement</name>
        <data>
            <stringValue>Wrapper</stringValue>
        </data>
    </attribute>
    <attribute>
        <name>sscacheinfo</name>
        <data>
            <stringValue>false</stringValue>
        </data>
    </attribute>
    <attribute>
        <name>pageletonly</name>
        <data>
            <stringValue>false</stringValue>
        </data>
    </attribute>
    <associations>
        <href>myPathassociations</href>
    </associations>
</ns2:assetBean>

<!--==================___ METADATA ___================
<dependencies>
  <list>
    <dependency>
      <depType>E</depType>
      <resType>CSElement</resType>
      <resId>1334880910821</resId>
      <uid>195bfe22-4064-4d4f-8b29-59f39a340879</uid>
    </dependency>
    <dependency>
      <depType>N</depType>
      <resType>SiteEntry</resType>
      <resId>1334880910829</resId>
      <uid>2bd25834-efcc-48b6-a1e6-ef7d9b301ebe</uid>
    </dependency>
  </list>
</dependencies>
==================______________________==================
#
#Tue Oct 02 21:33:08 CEST 2012
key=SiteEntry-2bd25834-efcc-48b6-a1e6-ef7d9b301ebe
type=ASSETDATA
sites=avisports

==================___ END METADATA ___==================-->
