<?xml version="1.0" encoding="UTF-8" standalone="yes"?>
<ns2:assetBean xmlns:ns2="http://www.fatwire.com/schema/rest/1.0">
    <id>CSElement:1333412935315</id>
    <name>avisports/getdata</name>
    <createdby>fwadmin</createdby>
    <createddate>2012-04-19T18:16:22.784Z</createddate>
    <description></description>
    <publist>avisports</publist>
    <status>ED</status>
    <subtype></subtype>
    <updatedby>fwadmin</updatedby>
    <updateddate>2012-04-03T09:06:46.077Z</updateddate>
    <attribute>
        <name>startdate</name>
        <data/>
    </attribute>
    <attribute>
        <name>enddate</name>
        <data/>
    </attribute>
    <attribute>
        <name>filename</name>
        <data>
            <stringValue></stringValue>
        </data>
    </attribute>
    <attribute>
        <name>path</name>
        <data>
            <stringValue></stringValue>
        </data>
    </attribute>
    <attribute>
        <name>template</name>
        <data>
            <stringValue></stringValue>
        </data>
    </attribute>
    <attribute>
        <name>urlexternaldoc</name>
        <data/>
    </attribute>
    <attribute>
        <name>externaldoctype</name>
        <data>
            <stringValue></stringValue>
        </data>
    </attribute>
    <attribute>
        <name>urlexternaldocxml</name>
        <data/>
    </attribute>
    <attribute>
        <name>fw_uid</name>
        <data>
            <stringValue>f219f3f3-3816-4819-963a-94fd43efc22c</stringValue>
        </data>
    </attribute>
    <attribute>
        <name>id</name>
        <data>
            <longValue>1333412935315</longValue>
        </data>
    </attribute>
    <attribute>
        <name>fwtags</name>
        <data/>
    </attribute>
    <attribute>
        <name>Composition</name>
        <data/>
    </attribute>
    <attribute>
        <name>Mapping</name>
        <data/>
    </attribute>
    <attribute>
        <name>Arguments</name>
        <data/>
    </attribute>
    <attribute>
        <name>category</name>
        <data>
            <stringValue></stringValue>
        </data>
    </attribute>
    <attribute>
        <name>rootelement</name>
        <data>
            <stringValue>avisports/getdata</stringValue>
        </data>
    </attribute>
    <attribute>
        <name>elementname</name>
        <data>
            <stringValue>avisports/getdata</stringValue>
        </data>
    </attribute>
    <attribute>
        <name>resdetails1</name>
        <data>
            <stringValue>eid=1333412935315</stringValue>
        </data>
    </attribute>
    <attribute>
        <name>resdetails2</name>
        <data>
            <stringValue></stringValue>
        </data>
    </attribute>
    <attribute>
        <name>url</name>
        <data>
            <blobValue>
                <filename>avisports/getdata,0.jsp</filename>
                <foldername></foldername>
                <filedata></filedata>
            </blobValue>
        </data>
    </attribute>
    <associations>
        <href>myPathassociations</href>
    </associations>
</ns2:assetBean>

<!--==================___ METADATA ___================
<dependencies>
  <list>
    <dependency>
      <depType>N</depType>
      <resType>CSElement</resType>
      <resId>1333412935315</resId>
      <uid>f219f3f3-3816-4819-963a-94fd43efc22c</uid>
    </dependency>
  </list>
</dependencies>
==================______________________==================
#
#Wed Oct 03 11:33:14 CEST 2012
storable0=/ELEMENTS/JSP/avisports/getdata.jsp|UTF-8|_storable_type\=%2FELEMENTS%2FJSP%2Favisports%2Fgetdata.jsp
key=CSElement-f219f3f3-3816-4819-963a-94fd43efc22c
type=ASSETDATA
sites=avisports

==================___ END METADATA ___==================-->
